K,T,n_instances,avg_obj,avg_gap,avg_time,opt_count,tl_count
2,5,5,256.5747871316678,0.0,0.16360001564025878,5,0
2,10,5,490.95980507599944,0.8712129130173609,1000.0030000209808,0,5
2,15,5,710.4807349681646,0.9425693346616283,1500.0018000125885,0,5
2,20,5,911.4979937716989,0.9622708433679017,2000.0026000022888,0,5
3,5,5,200.47031980965096,0.0,0.213800048828125,5,0
3,10,5,332.3138051687446,0.7112968768234381,1000.0002000331879,0,5
3,15,5,493.24086740184214,0.9049974642740274,1500.0042000293731,0,5
3,20,5,630.7489661929346,0.9463588461184695,2000.0052000045775,0,5
